user_id,sospechoso_predicho
008bee3a64fa5c51a523f1b729f1febc,1
03a3452004ce32906b97e32d3dbf4dd3,1
03fe1d5f776dee37cf328cdb3d3246c9,1
042ad7aec2091b6564154c621f8f1076,1
0451cc620d4f7157fbcbc451ac11e2e8,1
0501f1ad8fc102b31fd088f9b49c237a,1
052d5d6716c3fe151aa8226fddcc8a99,1
0586b5bd4cde4c9c07551f0402600810,1
0623b2065a9b34f52afa76e878d453f3,1
06799fabbc9658ab62be81f7000e2050,1
06cec9c45b2dc4adafd838449fb25120,1
07e17f95a40a398cd4689a4d56901954,1
0931f6f1a35807be0712a8b4590d6212,1
0a227b840ebfaed21184bcbe51936473,1
0aa0bd59736f929ec59ec7bbc536ffa9,1
0c1ad33470829fc49de4b74084ebf461,1
0e3984ea87e6b50cfc5888f81e18d00c,1
0e4a3ff8af0c3af81d25e4fef8d14544,1
0e84008c71314b3af930ee6944755b53,1
0f117168d2521f8b91ab604189b50b23,1
0f6beee70ccb4b3b3e681f0c0ad690c4,1
12093b5691a251626d253756236a9779,1
13f212bc569a61b009ba29a9f80392c2,1
156c904b8f983fba1c8a6c8f7950d554,1
15b375e6f5eaac026f451e690fc2ed1e,1
163eb12132d83dad5f2d48e4e65b0aad,1
166ac0b996fd39556fbeb175913f0d13,1
18041fb15dcc50a2cfc5029d568a8c83,1
18bfbbcd365109cefecd3641034538df,1
193323afc38d3dd927f42db84ff6f2b5,1
19bb28829d87c2ff9c008c410f25f656,1
1bbb1246f99894bd02086f90fcd91088,1
1c0beeaa3c7c8f0187b5a31044c1eb6f,1
1c442b80a908eda33173d60f67c6a1fb,1
1ce2da3212e8e895573f3773f798ab9d,1
1d46b2330c1fdf739c0c3fcc511f35bc,1
1ed6fe6b3028d0268742576792aa61a2,1
21b8d2f32ac9fc03dd68a6373c824bb9,1
21fa70b21b690c7765c088d900f80ab3,1
22337fd35d75b55634eb81591f74e404,1
22c50eaa088f028b4c2395571a1238b4,1
23fbe467be721b6c334b72b1980b7d3b,1
24aa0c7a9d7b81d8169682c8ca8813c9,1
261bb0bb0428d20c5603291bad76b94c,1
268ad041eff2c367d2367ca3d0dcab17,1
2747c8c0d91ba9583eb0bf204f88a04f,1
29112e17eef3f4a2ed648439dfe7f133,1
2b35877116f070ba8c220b805f4d03f0,1
2c0e9b781d6f4ae66d767adf9964bd58,1
2e29e9b690be5de3874eef3e5dbb85a1,1
30adb04c15cb199ee205646a4f2c7f4a,1
32658f8fcedf8cc5cbeab435bf0c71a7,1
33f73765d7504c7965d6a7ed14adb60c,1
340b3626ebb76ac5a84e8f3949a5b402,1
3414212d1437a29212786ef3bf77dcd6,1
34be7a1d5372a421a9a1a36630063908,1
35649a483478c3bf27bd661a6b945017,1
35a24d738b5a167dfb60cc06e64a8ded,1
3608e168e632c192090fdfb5c933e86e,1
37a3bdd664bce1efb83b494efb33b899,1
3ad394acd832ea610e0010f4649005c3,1
3b01328aecf7e81f4894ee073f288bb4,1
3b02ac202060d1a4d416b42786b7dc38,1
3c54b8a66d7b3e08362b1743e142269f,1
3c5ea2f48a01775491a6462af099e875,1
3c98da17b8e92d05dbb46ecea0919f8e,1
3e764bbbd43c5f912aac2dde03a08540,1
3efd441bc368857ca4a3ac45f6477451,1
3f3748adb2eb66b3ba0885e4c9d8ea0a,1
3fd88671ba43f3503a7e59588034aa29,1
401e065006e7a8ae595c7c18fd59ee01,1
405f10821ebb83db5dbf6080b9206a16,1
4082969eb4f35942d3ae56e38615c76b,1
414a4ac27f03b2534340eb73a47561d4,1
41b5bda723125d65722d417f73e4794e,1
4271edac9c293d0f7f52bfa859396acf,1
4527574fca1c8fce26322aab98b40d18,1
457def833a6d95642a0c864dd96a4400,1
45e402d8b1d96100ec080019258d6980,1
47225baebbaae23207a536e2168d456b,1
474dd6e81d8fdc34c984e330efe04eb8,1
4802b060e4069f32aa698ccadd8f503c,1
48ac45b5ee4547a6d7efcc089972757f,1
49a21805808691f147f42b14e7de4004,1
4b2970d42b1dd1e64969c15e9d2b0aaf,1
4bad2f4cfeb8514288e651e7197e4f92,1
4bd04459eb8913627acf37485fc9135d,1
4c5e781b92723eb9ef2dfd3bd53726bb,1
4cedddfaa3b2e47d01b811e6b8315fe2,1
4d9a257834b52cc12e7eb03356ceeafe,1
4e530fa19c6bfb69d96af69118253ac7,1
4e54a74340c497613f05eba9ec80cbfc,1
4faea83f9d0d2694ead6ad51ce487d9b,1
4fe1c2741c7b48454f1f3081b7c98f0c,1
50c083498d6450c2d3713ab25157fc4a,1
5199b3616e9988a0e4faa0132c871379,1
51ee31e138586adcab77fccb3319fbb2,1
5261b844d3e350628c17b1513e07752c,1
52776d147a12ef5e7a17caebfff16254,1
5329f80792a3bc4cd3a46124bf85fe03,1
53ae266a510a5c03cee5dba43521808d,1
53ed2091dad7c001e3d0bf1ba28b05dc,1
542923d6f5386896abcca62a7015c43d,1
5440b523bd3f7a4ea2b5d596cbe78dde,1
5488a5a3fbf10058ae33b0337e4091b6,1
54ae3679859b299b065e3edc86915bfb,1
55a023518f1646178266dba3ab0758a9,1
55e1dd69ae816cecae5c72e471072f50,1
55fb983190e150dab8e2f52c1b6f5223,1
56abd9e4fba9e54f71c9d37b4db91e62,1
56ae554eab038b839a57caaa7c8597f2,1
56e72a590134d1c51c6616b84bbfee26,1
5717f999689062da91efa8531846f5d3,1
576d3cdfb4e12422114806ab531bd1ec,1
586d9800862d6b16d529e4bed90753ea,1
58e1539f198fc5fdc9115fe8eae3ad21,1
598423c2b2c1d9fc6913f03ec78ac7d5,1
5a0449709168256a446b49e3a9b75db1,1
5acc31e5cd8bccc788fc3af4c6147adf,1
5acdff454cfa9f4ace0b40c9bea880e1,1
5bf29673502e1c6bb85f5ab2addd1231,1
5da7e5a927d734a6c81a76f98dd2d27c,1
5ef2f3a2dc53318661ea5a23c23100cd,1
5ef999a1cc50b552593ed910cb424f0b,1
5f1c29dc5639c3a46302e8ee58b31d7d,1
5fec653f2103313ac9790a99a804f95c,1
620e6ee36a15581620e4874caab6bdc8,1
62f0f22ab49d4b22f49fbbff33dc8bdd,1
63364cd60f239869a22b09a6c4af5a86,1
649ba5e72f12b731588ebae0655d744f,1
64be058215f581031c064962bedd3c00,1
64d2a52197fb5e89720ab9ac2c634289,1
64e2ef1d79d0fefaaf9bcae315fb2aa5,1
64f4c96836b1bd58ad0050c47b1c0a6d,1
668b497e2f3f4a06e86cea9221518581,1
674cc5730d0beefb280f8f3fc7f23cf6,1
6867c827b246673eaa98418d4581326d,1
69e1f52597ffdf10b425f1590c72165f,1
6aadc7e14e6bf6b0038cbdbf098f2fcf,1
6d1083e9095b717f24ce3f594f0585b9,1
6f0bed8378599872e24f007c40b43902,1
721f817a7cceba6a752149887ba47f81,1
723dec1cf0e0e329b558015dc5ec8b2a,1
72a4ad0de30eaa9fee88931f75f90ac0,1
738b41077ddb5cd9366e2f5b22afcb65,1
7432ab5c77fc840af3d2045eecf154ca,1
74689173180114369e0e49a4cce37792,1
74fbd989508542d6bd790355ec3aa0d3,1
772a4a0c1013438385f7fe39da45d389,1
781622371e6306d327d005d64560f71b,1
79e4ae45e6ec00f85234821964ea24e5,1
7a8c436206aa48b77d6e349ad23cedcf,1
7b9f1ebd3b0545643b6fb1e688819f7d,1
7bb56ea1653f0d26a1c756a802aab93d,1
7c3217ab0262546fde2f28c5023e7cf7,1
7cfe75a9dbb4fca828f9ba9a846424f0,1
7d9334c67f64cd79963d99536ad30c57,1
7ed9c7fd7a747cd641d1e4d0efb2c266,1
7f5f6bf83d3dabde005a57c27944b99b,1
7f729cc11510f1769dce6b77412e0ba8,1
7f9c4868feff848fd31f2f06294422f9,1
7fb37adf902a12ea1332184d06911a33,1
7fbdf2d45bcaec35c680b05ff59cf5e0,1
8020901150885bb1fdebd8c242052775,1
804d461899a5d1e2e4dd65849cf0026b,1
81c7c4974a0bf42dcbc150154f92f0ae,1
82bce86470fd650099d8d2a4113448a0,1
85689cf4cc8916000a976c13b7b05892,1
859f859bd0a89437307a37d723cce891,1
873ba4737ea161cbc973fb984ed3d1f2,1
885cceae7f28ef9e3f74523b3e2ef46e,1
89d7c046b4defc45d14008e73514c2d3,1
8a66e46f06506598cf951051734b2a6e,1
8ba200af9616de4bf7c9b36f101bf202,1
8bef10a4eff2cc23792902ff4bca2dcd,1
8bf50608f9b2f5c00924e26b0d79390a,1
8c8b61a0f9680ff31c4c8585e49b5589,1
8e07b8d938b985daaa77d96c27bb8427,1
8e43fa5bb51b2c53a036cb58614ae40e,1
8ee429f2a4461d1eb9652bdbad83eafa,1
8f792c6c31f9e5c71de6e59b65184fef,1
8fb710725d02098d3f56b7fbc80efc0a,1
901f72645a4dea91ca23be6077cfbb6c,1
92aced9f0ed995a9b05d2b295ac7cfc3,1
92f0464fa420dd71b5fa148798c076d2,1
93f2f4a3f089af7c3c970bc1c431ebc9,1
945599c141fe759f5d4b593c06744c42,1
94876235a3eb8db5749ccbb6c0788257,1
9500e378cd7ce7bda278e82d6619ac63,1
9621155c33dd5c97e1b288d25c328642,1
9621155c33dd5c97e1b288d25c328642,1
96ddf88e66f64e71830911caa16f5e9b,1
994ea7e335ed06a1a533fed911be231c,1
99925fbf2e0efaeba5f49b6f71403250,1
99925fbf2e0efaeba5f49b6f71403250,1
9a70e02aa699f81a8199d4e97bb06471,1
9b69c5b198e8aa9062cc0ffef8db6158,1
9d3f31782cbca7995f2f153d51fd3826,1
9d43a059816b8a96ff0e0cd29f303bf9,1
9dc6967f8685d2ab7895b5d476e015a6,1
9dcf54cc86485fcd407e245b926e7092,1
9dcf54cc86485fcd407e245b926e7092,1
9e83ca0f12cec8690dde6b40420c59ef,1
9f48c47ae7f56b344f0f702e527fabd0,1
a033554d2a1c817f3055a581311a0f06,1
a2c864c29d7a772aef6dce9a06a8919b,1
a39b627d6f058f7ca09efde07f05663e,1
a4965dbd95e25c1f886352fa1506c9a5,1
a4d7b7e7224959d659c5bd5c57b40b66,1
a4e4c1ae2496d57d6297a51dbecbf018,1
a5418217f756acb2501055d1bf23ca40,1
a565938be0b71721075acfe7d7723e7d,1
a60100e38cb869773fe828ef599847a0,1
a76630e7d714d2e2072211d0d9d2ef28,1
a87f187242049d6841563b06393a2e52,1
a9527059fd3fe39041a4ad65c5a30f0e,1
a999a934a84102fb18569ac5f9d3393d,1
a9a9139baff9b7e0c404daf36cbc2a65,1
aa7d79cf09f8921aa5f3d1be5a1b724f,1
ab421888500c85086185bf29762b0282,1
ace300c00317ef40f3a49572b8e5c168,1
ad2e629c9d3326b0bf607e734057f37e,1
ad789b0c20b308dc74432c7ad9b52766,1
ae8958ebdcc10758df9f2e59fd7cfc12,1
b05310b1890f29d1ca4bf3a2539ff472,1
b0725f0d6ba7b957ece2f548f1ddac8d,1
b0ac517e24132c62adc7fd3688a209cf,1
b12f9c1bd6d18389818ad653877ba60c,1
b18361b4cdc729517f6fa0f61ac7eaaf,1
b283c6f704cbe34795d1a82a1f33efd1,1
b2a1fe0fd1af350682aeeb84c6ad7ac9,1
b3f1c3359fd66d25e8b4cf659246ad7c,1
b417d343a0c5507f362dddef3b034db5,1
b41a40e84ce8ce8f2ceed17b767b056a,1
b5066f2ab0226db58a42a0712fb18683,1
b5bc3bac7227d8c8cbfca4c5ef83eebf,1
b62c412f46c0e2b4ba7225083c441ec1,1
b6929e45cf19d65f40554a9f81bdedee,1
b874df01c81fa9bacb6aec41a9548bd7,1
b9b9ccb14ffbcee1766067c243f479aa,1
ba0508a7d17bf52e6aa5c7055891bd69,1
bae94d358c27ba707a4040d83dcf4e52,1
bcbe18b42fb1ff9f1ad52e4194fe97b2,1
bcf5f3a19eb8c7d42c0448815799e64a,1
be6fa800d5da26c52dda71e9c5318953,1
bf66f2cc504191848f495f0377a15bcd,1
c049a5fcae06dde528c859bc77359e6e,1
c0ce6c9df111f97cce17d839e0209caa,1
c27db0fd0db55d3e3d78eac67dd33b9a,1
c324e4c94e5ba5e3d93484b9f5ea5ffc,1
c36ec092d8a8f133aa48b2004dbb8a3e,1
c3d99e692aa33a5e52acbe9afabb6f39,1
c5c9fa2489a3506baba8bbd5226430b4,1
c671cb272294b914538f1f40b62edde7,1
c6a74cb19c050a7131943d5c7c0fc789,1
c93ac1a3cd0d074381f932e87b0048b1,1
ca46382ccea68d5dc2ea09b290c5b1d7,1
cb7030002c3050bef06cc6890d25f926,1
cc1f7587831bff81fa0150ade4d66c0d,1
cc1f7587831bff81fa0150ade4d66c0d,1
cc5be4dea5100a46d48f987da50c4be0,1
cc6266f4d5b18dca090ad580a3781934,1
cd49bd68a97ea2dded02491ecece272c,1
cd8fb3559432be019fbf93e24c254a9b,1
cdc5e39e8120b7f9b285f21a8c1b9663,1
cf04b14c569b1d96140515a4ac744b53,1
d1f2953f00da3bc3bdcbcea3b0e5cda3,1
d3a58cbc373aa8e7d8cc0ffaaff4ac5c,1
d413ac6a358ace17806cda2b61fb3c0a,1
d8edca06041a754b82c474e02098b579,1
da1a9f0ba9b9692bd8a0b7cb7b2c67e8,1
dadce8e7ac3d70b0a2f98969c9c6d32a,1
db45be2d62b16c0fe3c2828893955d22,1
ddeb8fbee79e5650baf03cd129b0a1b3,1
de15d5254c3cc361803bdaabe2f4cc65,1
df3a25685cc56649150ea3f6a66dc00a,1
e14d3e9b31a05efd211b1a4f8104dc39,1
e4e8bc38277971320be958ea8d2830e1,1
e6ab33abdb883d20f0547c6db58da9ba,1
e72135240e3a64eade0e865c3d354c2d,1
e726c7b3ba0e8342ad00979a328a6a21,1
e7a6ee464950c95b0e4e5ccda71a096f,1
e94c469a00b4ec7be062b7091e90ec97,1
eaed9b76fe8488cebc42cfd154424277,1
eb377a4a07bbcd34f8bc981f55b06ebd,1
ebdb3609c72792caa34a4e4496d15c5b,1
ecd9b98053a09e0eabd0bb88e364ad9b,1
ed4b7ad66745b217a016321685582c16,1
ee5c56906313e660bca61a0657505f69,1
ef51754c79c098f03f49034f85fbd265,1
ef52956d5f29d49dd45ceb4332867f96,1
f059f374b497ccef093389c6f639704a,1
f1a098260e0018aeab82bd12a55b4d50,1
f1b6c83570aa40e122f0a832d6999951,1
f291f387f1af7cb982d874bebee4d091,1
f3a2e5cfcba5fb4ee70bca7bea9df100,1
f46b5806843c1b0333edd2e45b849c13,1
f503025e7506cc6c91974e33d03bff3d,1
f5ded894211c8f239ffb2bd50fd58c4b,1
f600e0879d9f7a1a2bfaebf5a8d79eef,1
f7245fbc0560dd01bb5b3b05c7c55c75,1
f7abc441969f87c644c5b476fbb5c3cd,1
f878eed350e158bdaaad19045ccc3eb1,1
f9b6fc6e2827abd26eec3076450f7b29,1
f9d60286b1dc86de77c440aee368664f,1
faaa371e0fce8601a423f5d57dd332d2,1
fb4041540012d1e1b1614e4ec9c7ae8d,1
fb9d82e734011196af03298a3c7d833b,1
fc45c23fb77695a2dc265de387d4f099,1
fc9ca81edd527433fdf28fd387e28031,1
fd45f1cfb55e15ecc70c525a0f71c70f,1
fd478953b1c67c68a683d3784f05b7d3,1
ff0cde3749e702e788029dee308e0d87,1
ff59d0c97f9636be3acb9d204610c4b9,1
